Id,SalePrice
0.0,0.16660306
0.000685871056241405,0.20454678
0.00137174211248281,0.2300697
0.002057613168724215,0.24390295
0.00274348422496562,0.23977226
0.003429355281207025,0.22428024
0.004115226337448652,0.21189398
0.004801097393690057,0.20753711
0.005486968449931462,0.23293555
0.006172839506172867,0.16019717
0.006858710562414272,0.23630637
0.007544581618655677,0.09705731
0.008230452674897082,0.0984768
0.008916323731138487,0.16002193
0.009602194787379892,0.117348045
0.010288065843621297,0.42649725
0.010973936899862924,0.34736854
0.011659807956104329,0.3370421
0.012345679012345734,0.35934347
0.013031550068587139,0.5048074
0.013717421124828544,0.40387008
0.014403292181069949,0.23281816
0.015089163237311354,0.22059703
0.01577503429355276,0.1901283
0.016460905349794164,0.23292911
0.01714677640603557,0.25667846
0.017832647462276974,0.36168212
0.0185185185185186,0.32923228
0.019204389574760006,0.23548084
0.01989026063100141,0.29546672
0.020576131687242816,0.2265017
0.02126200274348422,0.098883
0.021947873799725626,0.2422469
0.02263374485596703,0.37948638
0.023319615912208436,0.37800187
0.02400548696844984,0.30015934
0.024691358024691246,0.21924081
0.025377229080932873,0.18161482
0.026063100137174278,0.16121286
0.026748971193415683,0.16672379
0.027434842249657088,0.1905111
0.028120713305898493,0.16588315
0.028806584362139898,0.38346684
0.029492455418381303,0.31382063
0.030178326474622708,0.28614444
0.030864197530864113,0.25841284
0.03155006858710552,0.3109094
0.032235939643347145,0.25549832
0.03292181069958855,0.20565873
0.033607681755829955,0.18334213
0.03429355281207136,0.19204876
0.034979423868312765,0.20469758
0.03566529492455417,0.19614339
0.036351165980795574,0.20075524
0.03703703703703698,0.2535014
0.037722908093278384,0.20511147
0.03840877914951979,0.22526631
0.039094650205761416,0.16684666
0.03978052126200282,0.296396
0.040466392318244226,0.18904868
0.04115226337448563,0.18590513
0.041838134430727036,0.23330894
0.04252400548696844,0.12454939
0.043209876543209846,0.15563858
0.04389574759945125,0.1729132
0.044581618655692656,0.13583785
0.04526748971193406,0.13309038
0.045953360768175466,0.1440477
0.04663923182441709,0.18044591
0.0473251028806585,0.21941593
0.0480109739368999,0.13473684
0.04869684499314131,0.10978305
0.04938271604938271,0.19586232
0.05006858710562412,0.13592926
0.05075445816186552,0.18367794
0.05144032921810693,0.10588825
0.05212620027434833,0.052162617
0.05281207133058974,0.21981674
0.053497942386831365,0.26312703
0.05418381344307277,0.10815376
0.054869684499314175,0.18811756
0.05555555555555558,0.1672639
0.056241426611796985,0.27108437
0.05692729766803839,0.08444521
0.057613168724279795,0.1272769
0.0582990397805212,0.18390512
0.058984910836762605,0.19485173
0.05967078189300401,0.17250681
0.06035665294924564,0.15704116
0.06104252400548704,0.16763541
0.06172839506172845,0.12128198
0.06241426611796985,0.17916921
0.06310013717421126,0.18704656
0.06378600823045266,0.121423036
0.06447187928669407,0.24912447
0.06515775034293547,0.09384021
0.06584362139917688,0.10029653
0.06652949245541828,0.10143018
0.06721536351165969,0.085887045
0.06790123456790131,0.15631089
0.06858710562414272,0.19986972
0.06927297668038412,0.15171096
0.06995884773662553,0.13308036
0.07064471879286693,0.21939445
0.07133058984910834,0.18637007
0.07201646090534974,0.34208626
0.07270233196159115,0.07747844
0.07338820301783255,0.34210047
0.07407407407407396,0.18092334
0.07475994513031559,0.17962268
0.07544581618655699,0.14653605
0.0761316872427984,0.19483668
0.0768175582990398,0.33191454
0.0775034293552812,0.16928229
0.07818930041152261,0.3271953
0.07887517146776402,0.3267784
0.07956104252400542,0.24226627
0.08024691358024683,0.1954852
0.08093278463648823,0.24400464
0.08161865569272986,0.27078575
0.08230452674897126,0.20585018
0.08299039780521267,0.1544928
0.08367626886145407,0.29098746
0.08436213991769548,0.3006398
0.08504801097393688,0.16438821
0.08573388203017829,0.07447612
0.08641975308641969,0.100218475
0.0871056241426611,0.19523335
0.0877914951989025,0.12537917
0.08847736625514391,0.1656312
0.08916323731138553,0.11457309
0.08984910836762694,0.16257265
0.09053497942386834,0.14608872
0.09122085048010975,0.19374642
0.09190672153635115,0.13593957
0.09259259259259256,0.31528038
0.09327846364883396,0.25789756
0.09396433470507537,0.28578904
0.09465020576131677,0.25151205
0.09533607681755818,0.22949883
0.0960219478737998,0.06269547
0.09670781893004121,0.12708953
0.09739368998628262,0.09331101
0.09807956104252402,0.34982046
0.09876543209876543,0.3311694
0.09945130315500683,0.20778129
0.10013717421124824,0.22694212
0.10082304526748964,0.27901477
0.10150891632373105,0.220893
0.10219478737997245,0.18828794
0.10288065843621408,0.16735047
0.10356652949245548,0.2091065
0.10425240054869689,0.18409058
0.1049382716049383,0.14199403
0.1056241426611797,0.081335425
0.1063100137174211,0.057798326
0.10699588477366251,0.09828654
0.10768175582990391,0.1427421
0.10836762688614532,0.19243705
0.10905349794238672,0.19008794
0.10973936899862835,0.17172983
0.11042524005486976,0.17923313
0.11111111111111116,0.38121688
0.11179698216735257,0.29461297
0.11248285322359397,0.16081282
0.11316872427983538,0.21946356
0.11385459533607678,0.24749887
0.11454046639231819,0.38109118
0.11522633744855959,0.23437485
0.115912208504801,0.3522315
0.1165980795610424,0.2590691
0.11728395061728403,0.3225348
0.11796982167352543,0.21433228
0.11865569272976684,0.22542918
0.11934156378600824,0.22367933
0.12002743484224965,0.16496447
0.12071330589849105,0.27001536
0.12139917695473246,0.2349225
0.12208504801097386,0.24028862
0.12277091906721527,0.3395254
0.12345679012345667,0.25890118
0.1241426611796983,0.3080899
0.1248285322359397,0.29077068
0.1255144032921811,0.2870462
0.12620027434842251,0.25266907
0.12688614540466392,0.21401533
0.12757201646090532,0.21178555
0.12825788751714673,0.14893112
0.12894375857338813,0.16543564
0.12962962962962954,0.10293853
0.13031550068587094,0.14581034
0.13100137174211257,0.09625688
0.13168724279835398,0.09915039
0.13237311385459538,0.15949965
0.1330589849108368,0.13910958
0.1337448559670782,0.15802929
0.1344307270233196,0.16413614
0.135116598079561,0.15978777
0.1358024691358024,0.12956509
0.1364883401920438,0.21214285
0.13717421124828522,0.48165438
0.13786008230452662,0.4690138
0.13854595336076825,0.52636117
0.13923182441700965,0.3130167
0.13991769547325106,0.38064826
0.14060356652949246,0.43817517
0.14128943758573387,0.45913762
0.14197530864197527,0.40302777
0.14266117969821668,0.3509059
0.14334705075445808,0.45374238
0.1440329218106995,0.3672062
0.1447187928669409,0.37657166
0.14540466392318252,0.34464604
0.14609053497942392,0.32798338
0.14677640603566533,0.20764297
0.14746227709190673,0.24208093
0.14814814814814814,0.27605563
0.14883401920438954,0.32199064
0.14951989026063095,0.45415193
0.15020576131687235,0.47958988
0.15089163237311376,0.31065318
0.15157750342935516,0.394642
0.1522633744855968,0.1967341
0.1529492455418382,0.22400954
0.1536351165980796,0.21467987
0.154320987654321,0.19299349
0.1550068587105624,0.21095717
0.15569272976680382,0.24051467
0.15637860082304522,0.24032018
0.15706447187928663,0.24177134
0.15775034293552803,0.19759488
0.15843621399176944,0.34375665
0.15912208504801106,0.20583034
0.15980795610425247,0.2297352
0.16049382716049387,0.20715365
0.16117969821673528,0.34282112
0.16186556927297668,0.21828708
0.1625514403292181,0.4289292
0.1632373113854595,0.42085037
0.1639231824417009,0.32070452
0.1646090534979423,0.34699756
0.1652949245541837,0.29388893
0.1659807956104251,0.32531625
0.16666666666666674,0.38196853
0.16735253772290815,0.27354416
0.16803840877914955,0.36164147
0.16872427983539096,0.26326716
0.16941015089163236,0.23892406
0.17009602194787377,0.28037822
0.17078189300411517,0.2593925
0.17146776406035658,0.32054377
0.17215363511659798,0.34115276
0.17283950617283939,0.33319595
0.173525377229081,0.24769604
0.17421124828532242,0.25442916
0.17489711934156382,0.23254728
0.17558299039780523,0.19411218
0.17626886145404663,0.13766176
0.17695473251028804,0.2754674
0.17764060356652944,0.26222676
0.17832647462277085,0.19633877
0.17901234567901225,0.13664478
0.17969821673525366,0.20686525
0.18038408779149528,0.25465316
0.1810699588477367,0.31928295
0.1817558299039781,0.20685184
0.1824417009602195,0.15685919
0.1831275720164609,0.21946302
0.1838134430727023,0.21172738
0.18449931412894371,0.20874247
0.18518518518518512,0.13285756
0.18587105624142652,0.15207326
0.18655692729766793,0.14061156
0.18724279835390933,0.13201115
0.18792866941015096,0.1560966
0.18861454046639237,0.12107962
0.18930041152263377,0.34636405
0.18998628257887518,0.3045562
0.19067215363511658,0.29761714
0.191358024691358,0.27628946
0.1920438957475994,0.2468293
0.1927297668038408,0.19004214
0.1934156378600822,0.20807788
0.1941015089163236,0.41520077
0.19478737997256523,0.31973508
0.19547325102880664,0.25851327
0.19615912208504804,0.27662987
0.19684499314128945,0.31039202
0.19753086419753085,0.16791168
0.19821673525377226,0.14957616
0.19890260631001366,0.30433667
0.19958847736625507,0.13040525
0.20027434842249647,0.17921793
0.20096021947873788,0.24644327
0.2016460905349795,0.21870866
0.2023319615912209,0.14331481
0.20301783264746232,0.14027914
0.20370370370370372,0.16461194
0.20438957475994513,0.22058281
0.20507544581618653,0.20325187
0.20576131687242794,0.18291533
0.20644718792866934,0.2237351
0.20713305898491075,0.2198754
0.20781893004115215,0.1204375
0.20850480109739378,0.23434281
0.20919067215363518,0.23954666
0.2098765432098766,0.26785758
0.210562414266118,0.18095016
0.2112482853223594,0.23720542
0.2119341563786008,0.18182835
0.2126200274348422,0.12909868
0.2133058984910836,0.16057467
0.21399176954732502,0.17265373
0.21467764060356642,0.1633628
0.21536351165980783,0.1603438
0.21604938271604945,0.15226689
0.21673525377229086,0.12710527
0.21742112482853226,0.14307198
0.21810699588477367,0.12269172
0.21879286694101507,0.2268537
0.21947873799725648,0.130788
0.22016460905349788,0.09186402
0.2208504801097393,0.15881848
0.2215363511659807,0.11463007
0.2222222222222221,0.12071055
0.22290809327846373,0.17884624
0.22359396433470513,0.20643324
0.22427983539094654,0.042689264
0.22496570644718794,0.106232196
0.22565157750342935,0.090865195
0.22633744855967075,0.23971274
0.22702331961591216,0.22151479
0.22770919067215356,0.17930144
0.22839506172839497,0.17029592
0.22908093278463637,0.16964763
0.229766803840878,0.14925888
0.2304526748971194,0.10293463
0.2311385459533608,0.13633823
0.2318244170096022,0.11412296
0.23251028806584362,0.15478572
0.23319615912208502,0.15058729
0.23388203017832643,0.13976002
0.23456790123456783,0.18730137
0.23525377229080924,0.18006578
0.23593964334705064,0.1779018
0.23662551440329205,0.1277129
0.23731138545953367,0.14776415
0.23799725651577508,0.12897786
0.23868312757201648,0.13159463
0.2393689986282579,0.18447748
0.2400548696844993,0.10308543
0.2407407407407407,0.11473182
0.2414266117969821,0.13395274
0.2421124828532235,0.0907321
0.24279835390946491,0.023560196
0.24348422496570632,0.09841257
0.24417009602194795,0.10951713
0.24485596707818935,0.19448641
0.24554183813443076,0.13042349
0.24622770919067216,0.029270142
0.24691358024691357,0.11738101
0.24759945130315497,0.17781803
0.24828532235939638,0.014428437
0.24897119341563778,0.16688934
0.2496570644718792,0.17169651
0.2503429355281206,0.13262916
0.2510288065843622,0.10602084
0.2517146776406036,0.17445421
0.25240054869684503,0.13537568
0.25308641975308643,0.18275794
0.25377229080932784,0.19661108
0.25445816186556924,0.06361839
0.25514403292181065,0.16616866
0.25582990397805205,0.120759636
0.25651577503429346,0.18340907
0.25720164609053486,0.1470905
0.25788751714677627,0.083012104
0.2585733882030179,0.13438892
0.2592592592592593,0.104865134
0.2599451303155007,0.18205556
0.2606310013717421,0.18137604
0.2613168724279835,0.07603142
0.2620027434842249,0.13699853
0.2626886145404663,0.16339877
0.26337448559670773,0.17664438
0.26406035665294914,0.18180361
0.26474622770919054,0.20935765
0.26543209876543217,0.030818254
0.2661179698216736,0.112528026
0.266803840877915,0.14658684
0.2674897119341564,0.20279053
0.2681755829903978,0.13843456
0.2688614540466392,0.14529893
0.2695473251028806,0.21717736
0.270233196159122,0.15874258
0.2709190672153634,0.29851454
0.2716049382716048,0.20464084
0.27229080932784644,0.17282829
0.27297668038408784,0.1303088
0.27366255144032925,0.18264607
0.27434842249657065,0.12950736
0.27503429355281206,0.3900969
0.27572016460905346,0.3665886
0.27640603566529487,0.3679317
0.2770919067215363,0.40732023
0.2777777777777777,0.45184153
0.2784636488340191,0.30216354
0.2791495198902607,0.46450418
0.2798353909465021,0.29267168
0.2805212620027435,0.35645193
0.2812071330589849,0.3076188
0.28189300411522633,0.23196474
0.28257887517146774,0.33491576
0.28326474622770914,0.19659197
0.28395061728395055,0.29266435
0.28463648834019195,0.27067077
0.28532235939643336,0.30216238
0.28600823045267476,0.26920062
0.2866941015089164,0.17755482
0.2873799725651578,0.17600498
0.2880658436213992,0.33126807
0.2887517146776406,0.335481
0.289437585733882,0.24978927
0.2901234567901234,0.3041278
0.2908093278463648,0.35765278
0.2914951989026062,0.43318927
0.29218106995884763,0.28528243
0.29286694101508903,0.36879534
0.29355281207133066,0.22731864
0.29423868312757206,0.14494285
0.29492455418381347,0.16031212
0.2956104252400549,0.11474377
0.2962962962962963,0.1762991
0.2969821673525377,0.14700103
0.2976680384087791,0.18295181
0.2983539094650205,0.14192903
0.2990397805212619,0.1257509
0.2997256515775033,0.11056486
0.30041152263374493,0.19153017
0.30109739368998634,0.17531121
0.30178326474622774,0.21516162
0.30246913580246915,0.19376925
0.30315500685871055,0.33341694
0.30384087791495196,0.15745756
0.30452674897119336,0.2370319
0.30521262002743477,0.23020598
0.30589849108367617,0.30422938
0.3065843621399176,0.10518077
0.307270233196159,0.14002985
0.3079561042524006,0.11791757
0.308641975308642,0.2974373
0.3093278463648834,0.3667064
0.3100137174211248,0.16797996
0.31069958847736623,0.052492946
0.31138545953360763,0.4316868
0.31207133058984904,0.041735023
0.31275720164609044,0.3178615
0.31344307270233185,0.16148654
0.31412894375857325,0.20492351
0.3148148148148149,0.1605303
0.3155006858710563,0.38029122
0.3161865569272977,0.43382663
0.3168724279835391,0.31453532
0.3175582990397805,0.31115502
0.3182441700960219,0.27317226
0.3189300411522633,0.33191076
0.3196159122085047,0.16770425
0.3203017832647461,0.19031832
0.3209876543209875,0.13871065
0.32167352537722915,0.13728562
0.32235939643347056,0.17144296
0.32304526748971196,0.17050558
0.32373113854595337,0.21560025
0.3244170096021948,0.21925074
0.3251028806584362,0.20288864
0.3257887517146776,0.24545157
0.326474622770919,0.21883902
0.3271604938271604,0.20958841
0.3278463648834018,0.3200063
0.3285322359396434,0.22367144
0.32921810699588483,0.21645084
0.32990397805212623,0.22609419
0.33058984910836764,0.25115046
0.33127572016460904,0.39347774
0.33196159122085045,0.49169326
0.33264746227709185,0.18637037
0.33333333333333326,0.40353703
0.33401920438957466,0.21314219
0.33470507544581607,0.30130088
0.3353909465020575,0.22898874
0.3360768175582991,0.35474378
0.3367626886145405,0.31236207
0.3374485596707819,0.24649793
0.3381344307270233,0.2498607
0.3388203017832647,0.17451027
0.3395061728395061,0.39015466
0.34019204389574753,0.18803096
0.34087791495198894,0.3926559
0.34156378600823034,0.17717141
0.34224965706447175,0.13177952
0.3429355281207134,0.12929118
0.3436213991769548,0.08607715
0.3443072702331962,0.10491347
0.3449931412894376,0.110149235
0.345679012345679,0.16766176
0.3463648834019204,0.13311794
0.3470507544581618,0.38665655
0.3477366255144032,0.33841005
0.3484224965706446,0.4968095
0.349108367626886,0.47279418
0.34979423868312765,0.53785443
0.35048010973936905,0.4373281
0.35116598079561046,0.3024966
0.35185185185185186,0.38046598
0.35253772290809327,0.36421603
0.35322359396433467,0.3559906
0.3539094650205761,0.44646758
0.3545953360768175,0.43013173
0.3552812071330589,0.44203323
0.3559670781893003,0.24464855
0.3566529492455417,0.40337703
0.3573388203017833,0.27291203
0.3580246913580247,0.22354868
0.35871056241426613,0.17895389
0.35939643347050754,0.28870907
0.36008230452674894,0.2933922
0.36076817558299035,0.20832682
0.36145404663923175,0.21528551
0.36213991769547316,0.24349523
0.36282578875171456,0.2839167
0.36351165980795597,0.27784508
0.3641975308641976,0.29529512
0.364883401920439,0.19029084
0.3655692729766804,0.35170153
0.3662551440329218,0.24119398
0.3669410150891632,0.3090716
0.3676268861454046,0.34820354
0.368312757201646,0.3083973
0.36899862825788743,0.38409424
0.36968449931412883,0.398789
0.37037037037037024,0.3743536
0.37105624142661187,0.32927403
0.37174211248285327,0.3270966
0.3724279835390947,0.33857572
0.3731138545953361,0.28823406
0.3737997256515775,0.24238703
0.3744855967078189,0.30221838
0.3751714677640603,0.2306962
0.3758573388203017,0.22600177
0.3765432098765431,0.22278959
0.3772290809327845,0.16261584
0.37791495198902614,0.20368558
0.37860082304526754,0.21442005
0.37928669410150895,0.23523542
0.37997256515775035,0.24959418
0.38065843621399176,0.2143819
0.38134430727023316,0.25405276
0.38203017832647457,0.13442695
0.382716049382716,0.14120403
0.3834019204389574,0.13913578
0.3840877914951988,0.0945811
0.3847736625514402,0.23524755
0.3854595336076818,0.1758577
0.3861454046639232,0.34329686
0.3868312757201646,0.4151513
0.38751714677640603,0.18805707
0.38820301783264743,0.16757211
0.38888888888888884,0.17342782
0.38957475994513024,0.183074
0.39026063100137165,0.3613006
0.39094650205761305,0.33264655
0.39163237311385446,0.34529415
0.3923182441700961,0.36742193
0.3930041152263375,0.1991427
0.3936899862825789,0.29199123
0.3943758573388203,0.23440993
0.3950617283950617,0.24897909
0.3957475994513031,0.39707544
0.3964334705075445,0.28950757
0.3971193415637859,0.35671765
0.3978052126200273,0.38240913
0.39849108367626873,0.25728604
0.39917695473251036,0.2435599
0.39986282578875176,0.24562344
0.40054869684499317,0.26453105
0.4012345679012346,0.16400477
0.401920438957476,0.16453132
0.4026063100137174,0.1647661
0.4032921810699588,0.19602388
0.4039780521262002,0.23852363
0.4046639231824416,0.120795995
0.405349794238683,0.1455513
0.4060356652949244,0.1772727
0.40672153635116604,0.09329912
0.40740740740740744,0.16942939
0.40809327846364885,0.1623761
0.40877914951989025,0.1051946
0.40946502057613166,0.27662808
0.41015089163237306,0.16033438
0.41083676268861447,0.2102907
0.41152263374485587,0.22044292
0.4122085048010973,0.15933326
0.4128943758573387,0.12530518
0.4135802469135803,0.1664736
0.4142661179698217,0.16881835
0.4149519890260631,0.25471473
0.4156378600823045,0.14116445
0.4163237311385459,0.19795102
0.41700960219478733,0.07331744
0.41769547325102874,0.10977718
0.41838134430727014,0.09029308
0.41906721536351155,0.14914575
0.41975308641975295,0.17178309
0.4204389574759946,0.24382362
0.421124828532236,0.19569907
0.4218106995884774,0.11230385
0.4224965706447188,0.2010102
0.4231824417009602,0.14492714
0.4238683127572016,0.13295332
0.424554183813443,0.12854591
0.4252400548696844,0.121781796
0.4259259259259258,0.18644968
0.4266117969821672,0.16495135
0.42729766803840863,0.11675587
0.42798353909465026,0.12602109
0.42866941015089166,0.12789327
0.42935528120713307,0.11476302
0.43004115226337447,0.08580837
0.4307270233196159,0.059150577
0.4314128943758573,0.14313665
0.4320987654320987,0.13495997
0.4327846364883401,0.11947128
0.4334705075445815,0.14329192
0.4341563786008229,0.11851859
0.43484224965706453,0.180496
0.43552812071330593,0.06155619
0.43621399176954734,0.071709365
0.43689986282578874,0.16429788
0.43758573388203015,0.033126295
0.43827160493827155,0.066937804
0.43895747599451296,0.12561944
0.43964334705075436,0.14350975
0.44032921810699577,0.104312
0.4410150891632372,0.1424272
0.4417009602194788,0.12853369
0.4423868312757202,0.04807651
0.4430727023319616,0.28506213
0.443758573388203,0.12951773
0.4444444444444444,0.111038655
0.4451303155006858,0.14495137
0.44581618655692723,0.20413274
0.44650205761316863,0.17398533
0.44718792866941004,0.13124046
0.44787379972565144,0.11480343
0.44855967078189307,0.20059341
0.4492455418381345,0.13213769
0.4499314128943759,0.18464279
0.4506172839506173,0.13991094
0.4513031550068587,0.122333705
0.4519890260631001,0.12218949
0.4526748971193415,0.09563911
0.4533607681755829,0.13871107
0.4540466392318243,0.07161045
0.4547325102880657,0.21409312
0.4554183813443071,0.14000642
0.45610425240054875,0.17102247
0.45679012345679015,0.19998175
0.45747599451303156,0.15087408
0.45816186556927296,0.0992102
0.45884773662551437,0.16553098
0.4595336076817558,0.18080461
0.4602194787379972,0.122781724
0.4609053497942386,0.1427229
0.46159122085048,0.12229115
0.4622770919067214,0.06808284
0.462962962962963,0.060330182
0.4636488340192044,0.10036537
0.46433470507544583,0.14995989
0.46502057613168724,0.17884585
0.46570644718792864,0.17560738
0.46639231824417005,0.17335677
0.46707818930041145,0.17715731
0.46776406035665286,0.1580404
0.46844993141289426,0.14787516
0.46913580246913567,0.15953204
0.4698216735253773,0.20681834
0.4705075445816187,0.1934489
0.4711934156378601,0.15039417
0.4718792866941015,0.18220192
0.4725651577503429,0.28947234
0.4732510288065843,0.12905979
0.4739368998628257,0.22339773
0.4746227709190671,0.1930973
0.47530864197530853,0.13384995
0.47599451303154994,0.17914888
0.47668038408779134,0.35114425
0.47736625514403297,0.3124232
0.4780521262002744,0.31019914
0.4787379972565158,0.2759474
0.4794238683127572,0.1965901
0.4801097393689986,0.33047414
0.48079561042524,0.3466518
0.4814814814814814,0.44781464
0.4821673525377228,0.3124315
0.4828532235939642,0.28109562
0.4835390946502056,0.19176638
0.48422496570644724,0.3006742
0.48491083676268865,0.26288673
0.48559670781893005,0.265539
0.48628257887517146,0.32056397
0.48696844993141286,0.18813914
0.48765432098765427,0.15975183
0.48834019204389567,0.19712672
0.4890260631001371,0.3113939
0.4897119341563785,0.3913654
0.4903978052126199,0.41764513
0.4910836762688615,0.31329766
0.4917695473251029,0.27392593
0.4924554183813443,0.14937577
0.49314128943758573,0.18760112
0.49382716049382713,0.23736006
0.49451303155006854,0.29715782
0.49519890260630994,0.23888433
0.49588477366255135,0.13192433
0.49657064471879275,0.1436316
0.49725651577503416,0.17127123
0.4979423868312758,0.18560916
0.4986282578875172,0.17404234
0.4993141289437586,0.25711274
0.5,0.09229365
0.5006858710562414,0.09363818
0.5013717421124828,0.09576088
0.5020576131687242,0.10263926
0.5027434842249656,0.11349267
0.503429355281207,0.12536612
0.5041152263374484,0.104688436
0.5048010973936898,0.13236552
0.5054869684499315,0.188
0.5061728395061729,0.217314
0.5068587105624143,0.1689637
0.5075445816186557,0.15590256
0.5082304526748971,0.2582896
0.5089163237311385,0.17605937
0.5096021947873799,0.26013836
0.5102880658436213,0.11792776
0.5109739368998627,0.17033473
0.5116598079561041,0.28995037
0.5123456790123457,0.33565032
0.5130315500685871,0.3273914
0.5137174211248285,0.112131625
0.51440329218107,0.10861623
0.5150891632373114,0.12054914
0.5157750342935528,0.10610959
0.5164609053497942,0.16546395
0.5171467764060356,0.09665707
0.517832647462277,0.17327958
0.5185185185185184,0.053982884
0.51920438957476,0.06150794
0.5198902606310014,0.06882155
0.5205761316872428,0.0931226
0.5212620027434842,0.44288555
0.5219478737997256,0.3287089
0.522633744855967,0.3246073
0.5233196159122084,0.25324133
0.5240054869684498,0.13014343
0.5246913580246912,0.25424224
0.5253772290809327,0.26776093
0.5260631001371741,0.36411053
0.5267489711934157,0.332286
0.5274348422496571,0.18293244
0.5281207133058985,0.258954
0.5288065843621399,0.23183176
0.5294924554183813,0.23800966
0.5301783264746227,0.3303041
0.5308641975308641,0.28826466
0.5315500685871055,0.4337202
0.5322359396433469,0.45046094
0.5329218106995883,0.2652207
0.53360768175583,0.12123889
0.5342935528120714,0.19728127
0.5349794238683128,0.20893341
0.5356652949245542,0.13436419
0.5363511659807956,0.1476149
0.537037037037037,0.09117898
0.5377229080932784,0.082757115
0.5384087791495198,0.16753629
0.5390946502057612,0.10601753
0.5397805212620026,0.13974297
0.5404663923182442,0.12838736
0.5411522633744856,0.16859198
0.541838134430727,0.13519603
0.5425240054869684,0.24000272
0.5432098765432098,0.19293067
0.5438957475994513,0.22092402
0.5445816186556927,0.22746572
0.5452674897119341,0.22446859
0.5459533607681755,0.24656081
0.5466392318244169,0.21000922
0.5473251028806585,0.22466138
0.5480109739368999,0.1967307
0.5486968449931413,0.2349922
0.5493827160493827,0.2661808
0.5500685871056241,0.44467306
0.5507544581618655,0.5298157
0.5514403292181069,0.19426966
0.5521262002743483,0.39649865
0.5528120713305897,0.48901352
0.5534979423868311,0.50572664
0.5541838134430725,0.18767914
0.5548696844993142,0.26233894
0.5555555555555556,0.29268354
0.556241426611797,0.27207774
0.5569272976680384,0.19318017
0.5576131687242798,0.22858053
0.5582990397805212,0.19334173
0.5589849108367626,0.23805618
0.559670781893004,0.2539723
0.5603566529492454,0.14722076
0.5610425240054868,0.1427449
0.5617283950617284,0.14493814
0.5624142661179699,0.17944667
0.5631001371742113,0.23176226
0.5637860082304527,0.108113706
0.5644718792866941,0.114307165
0.5651577503429355,0.14931995
0.5658436213991769,0.14060685
0.5665294924554183,0.47514567
0.5672153635116597,0.34873146
0.5679012345679011,0.487906
0.5685871056241427,0.526779
0.5692729766803841,0.39350128
0.5699588477366255,0.5116254
0.5706447187928669,0.37137127
0.5713305898491083,0.46537787
0.5720164609053497,0.38199162
0.5727023319615911,0.38969764
0.5733882030178326,0.35102928
0.574074074074074,0.3989451
0.5747599451303154,0.4491705
0.5754458161865568,0.43155265
0.5761316872427984,0.36051768
0.5768175582990398,0.31788385
0.5775034293552812,0.3288328
0.5781893004115226,0.32620442
0.578875171467764,0.23091578
0.5795610425240054,0.22668183
0.5802469135802468,0.22502804
0.5809327846364882,0.27313215
0.5816186556927296,0.34963223
0.582304526748971,0.23908833
0.5829903978052127,0.23707369
0.5836762688614541,0.206343
0.5843621399176955,0.20495835
0.5850480109739369,0.21585324
0.5857338820301783,0.19826186
0.5864197530864197,0.23978436
0.5871056241426611,0.25817293
0.5877914951989025,0.21612772
0.5884773662551439,0.21044576
0.5891632373113853,0.22663555
0.5898491083676269,0.3282371
0.5905349794238683,0.21760866
0.5912208504801097,0.24413061
0.5919067215363512,0.2297034
0.5925925925925926,0.2528587
0.593278463648834,0.22156236
0.5939643347050754,0.27360803
0.5946502057613168,0.30478597
0.5953360768175582,0.23918965
0.5960219478737996,0.2223536
0.596707818930041,0.47945336
0.5973936899862826,0.46140566
0.598079561042524,0.41488287
0.5987654320987654,0.32641986
0.5994513031550068,0.34312922
0.6001371742112482,0.42012936
0.6008230452674896,0.2561044
0.601508916323731,0.36666423
0.6021947873799725,0.2592489
0.6028806584362139,0.48471865
0.6035665294924553,0.24539945
0.6042524005486969,0.307373
0.6049382716049383,0.27120352
0.6056241426611797,0.2931084
0.6063100137174211,0.31446707
0.6069958847736625,0.26178282
0.6076817558299039,0.22718468
0.6083676268861453,0.29917148
0.6090534979423867,0.19505617
0.6097393689986281,0.35479003
0.6104252400548695,0.32172695
0.6111111111111112,0.33315295
0.6117969821673526,0.28394574
0.612482853223594,0.14374429
0.6131687242798354,0.17967242
0.6138545953360768,0.18757534
0.6145404663923182,0.2409417
0.6152263374485596,0.2601378
0.615912208504801,0.14744562
0.6165980795610424,0.11109033
0.6172839506172838,0.17658696
0.6179698216735254,0.35729605
0.6186556927297668,0.17754027
0.6193415637860082,0.2041828
0.6200274348422496,0.2768115
0.620713305898491,0.24015838
0.6213991769547325,0.2539333
0.6220850480109739,0.27511388
0.6227709190672153,0.27388057
0.6234567901234567,0.18737903
0.6241426611796981,0.18759158
0.6248285322359395,0.20252204
0.6255144032921811,0.37525746
0.6262002743484225,0.4319173
0.6268861454046639,0.2890925
0.6275720164609053,0.30994016
0.6282578875171467,0.37959746
0.6289437585733881,0.15403998
0.6296296296296295,0.2612316
0.6303155006858709,0.16808161
0.6310013717421123,0.22233024
0.6316872427983538,0.28700793
0.6323731138545954,0.24328312
0.6330589849108368,0.32335615
0.6337448559670782,0.22635922
0.6344307270233196,0.16018742
0.635116598079561,0.15057445
0.6358024691358024,0.113279045
0.6364883401920438,0.13762236
0.6371742112482852,0.17800096
0.6378600823045266,0.1712251
0.638545953360768,0.13023037
0.6392318244170097,0.19757569
0.6399176954732511,0.16161543
0.6406035665294925,0.2692079
0.6412894375857339,0.19113591
0.6419753086419753,0.2664089
0.6426611796982167,0.1600256
0.6433470507544581,0.061076075
0.6440329218106995,0.049771816
0.6447187928669409,0.13776758
0.6454046639231823,0.16378412
0.6460905349794237,0.15259102
0.6467764060356653,0.19546923
0.6474622770919067,0.20468053
0.6481481481481481,0.18673632
0.6488340192043895,0.15297148
0.649519890260631,0.16489542
0.6502057613168724,0.1513662
0.6508916323731138,0.22350955
0.6515775034293552,0.14325854
0.6522633744855966,0.19712439
0.652949245541838,0.16909736
0.6536351165980796,0.15503436
0.654320987654321,0.178195
0.6550068587105624,0.15327662
0.6556927297668038,0.15253198
0.6563786008230452,0.15193057
0.6570644718792866,0.12977839
0.657750342935528,0.16723135
0.6584362139917694,0.17604864
0.6591220850480108,0.12643102
0.6598079561042522,0.1227006
0.6604938271604939,0.21490034
0.6611796982167353,0.27740926
0.6618655692729767,0.1535103
0.6625514403292181,0.15463632
0.6632373113854595,0.24675211
0.6639231824417009,0.13247663
0.6646090534979423,0.16019052
0.6652949245541837,0.11313406
0.6659807956104251,0.15560701
0.6666666666666665,0.16577274
0.6673525377229081,0.16864246
0.6680384087791496,0.20254493
0.668724279835391,0.119461626
0.6694101508916324,0.11545101
0.6700960219478738,0.14578381
0.6707818930041152,0.10035828
0.6714677640603566,0.12033942
0.672153635116598,0.10093352
0.6728395061728394,0.0857797
0.6735253772290808,0.15246508
0.6742112482853222,0.14191538
0.6748971193415638,0.0635674
0.6755829903978052,0.17789999
0.6762688614540466,0.24726522
0.676954732510288,0.15983596
0.6776406035665294,0.11291021
0.6783264746227708,0.17844743
0.6790123456790123,0.15191174
0.6796982167352537,0.23711723
0.6803840877914951,0.091214985
0.6810699588477365,0.123221576
0.6817558299039781,0.13320133
0.6824417009602195,0.17065758
0.6831275720164609,0.14709884
0.6838134430727023,0.15115717
0.6844993141289437,0.12736249
0.6851851851851851,0.16703597
0.6858710562414265,0.14216891
0.6865569272976679,0.15562221
0.6872427983539093,0.15207645
0.6879286694101507,0.2265526
0.6886145404663924,0.17397112
0.6893004115226338,0.12381315
0.6899862825788752,0.14774832
0.6906721536351166,0.06214854
0.691358024691358,0.05252835
0.6920438957475994,0.2526669
0.6927297668038408,0.29015446
0.6934156378600822,0.196331
0.6941015089163236,0.11934033
0.694787379972565,0.08058384
0.6954732510288064,0.30155715
0.696159122085048,0.1320582
0.6968449931412894,0.17700943
0.6975308641975309,0.1889191
0.6982167352537723,0.121062905
0.6989026063100137,0.1969397
0.6995884773662551,0.15021628
0.7002743484224965,0.15149799
0.7009602194787379,0.1291751
0.7016460905349793,0.14807594
0.7023319615912207,0.14349979
0.7030178326474623,0.20559162
0.7037037037037037,0.22028643
0.7043895747599451,0.19496527
0.7050754458161865,0.19232598
0.7057613168724279,0.20443553
0.7064471879286693,0.098623484
0.7071330589849107,0.24484295
0.7078189300411522,0.18475732
0.7085048010973936,0.18743658
0.709190672153635,0.081252575
0.7098765432098766,0.33426526
0.710562414266118,0.19080979
0.7112482853223594,0.11218819
0.7119341563786008,0.09220788
0.7126200274348422,0.14236951
0.7133058984910836,0.15673494
0.713991769547325,0.1982137
0.7146776406035664,0.09812465
0.7153635116598078,0.22925308
0.7160493827160492,0.29018706
0.7167352537722909,0.32850838
0.7174211248285323,0.43623567
0.7181069958847737,0.31617665
0.7187928669410151,0.28399092
0.7194787379972565,0.28178167
0.7201646090534979,0.20874187
0.7208504801097393,0.27087563
0.7215363511659807,0.31957185
0.7222222222222221,0.35632467
0.7229080932784635,0.19260067
0.7235939643347049,0.21153459
0.7242798353909465,0.16742966
0.7249657064471879,0.20485744
0.7256515775034293,0.32932466
0.7263374485596708,0.31934342
0.7270233196159122,0.24499714
0.7277091906721536,0.33846426
0.728395061728395,0.17802322
0.7290809327846364,0.16817766
0.7297668038408778,0.21092281
0.7304526748971192,0.16286188
0.7311385459533608,0.12908027
0.7318244170096022,0.1614424
0.7325102880658436,0.14607847
0.733196159122085,0.14556983
0.7338820301783264,0.35216346
0.7345679012345678,0.3230884
0.7352537722908092,0.2536772
0.7359396433470506,0.32523423
0.736625514403292,0.41031927
0.7373113854595335,0.3435852
0.7379972565157751,0.33592668
0.7386831275720165,0.23857787
0.7393689986282579,0.25028273
0.7400548696844993,0.1980581
0.7407407407407407,0.23409778
0.7414266117969821,0.20347923
0.7421124828532235,0.17153674
0.7427983539094649,0.15321147
0.7434842249657063,0.16526407
0.7441700960219477,0.14787099
0.7448559670781891,0.16013104
0.7455418381344308,0.19813064
0.7462277091906722,0.19497883
0.7469135802469136,0.2265951
0.747599451303155,0.15490463
0.7482853223593964,0.14236996
0.7489711934156378,0.087955594
0.7496570644718792,0.092986554
0.7503429355281206,0.13394925
0.751028806584362,0.12979355
0.7517146776406034,0.11060259
0.752400548696845,0.20319936
0.7530864197530864,0.15418014
0.7537722908093278,0.16840395
0.7544581618655692,0.14784995
0.7551440329218106,0.17088202
0.755829903978052,0.17155403
0.7565157750342935,0.23928961
0.7572016460905349,0.18120855
0.7578875171467763,0.22620794
0.7585733882030177,0.14963025
0.7592592592592593,0.24059504
0.7599451303155007,0.2831583
0.7606310013717421,0.11285892
0.7613168724279835,0.19091547
0.7620027434842249,0.20952961
0.7626886145404663,0.28334972
0.7633744855967077,0.32264087
0.7640603566529491,0.1513386
0.7647462277091905,0.11651993
0.765432098765432,0.1767146
0.7661179698216734,0.06765926
0.766803840877915,0.045438796
0.7674897119341564,0.14135051
0.7681755829903978,0.15994224
0.7688614540466392,0.12030378
0.7695473251028806,0.33303052
0.770233196159122,0.19888785
0.7709190672153634,0.21063569
0.7716049382716048,0.27121854
0.7722908093278462,0.26806164
0.7729766803840876,0.1891576
0.7736625514403292,0.19639686
0.7743484224965707,0.25606656
0.7750342935528121,0.29640442
0.7757201646090535,0.2628702
0.7764060356652949,0.3046394
0.7770919067215363,0.2321111
0.7777777777777777,0.2588696
0.7784636488340191,0.45193815
0.7791495198902605,0.22951835
0.7798353909465019,0.38959152
0.7805212620027435,0.4055788
0.7812071330589849,0.20992893
0.7818930041152263,0.16915888
0.7825788751714677,0.075116396
0.7832647462277091,0.08186513
0.7839506172839505,0.07622969
0.784636488340192,0.068511575
0.7853223593964334,0.18664822
0.7860082304526748,0.2602115
0.7866941015089162,0.25247228
0.7873799725651578,0.20815775
0.7880658436213992,0.14058593
0.7887517146776406,0.17711797
0.789437585733882,0.1981793
0.7901234567901234,0.17538083
0.7908093278463648,0.15086082
0.7914951989026062,0.20893762
0.7921810699588476,0.20042387
0.792866941015089,0.2394009
0.7935528120713304,0.25325876
0.7942386831275718,0.27124596
0.7949245541838135,0.22919962
0.7956104252400549,0.21600378
0.7962962962962963,0.24133241
0.7969821673525377,0.31469405
0.7976680384087791,0.38641387
0.7983539094650205,0.41483742
0.7990397805212619,0.18432328
0.7997256515775033,0.18271741
0.8004115226337447,0.5336751
0.8010973936899861,0.51398987
0.8017832647462277,0.46856597
0.8024691358024691,0.53808904
0.8031550068587106,0.41803125
0.803840877914952,0.39820778
0.8045267489711934,0.49209476
0.8052126200274348,0.21537283
0.8058984910836762,0.251461
0.8065843621399176,0.2579512
0.807270233196159,0.35239792
0.8079561042524004,0.24259067
0.808641975308642,0.18635672
0.8093278463648834,0.09980285
0.8100137174211248,0.20943576
0.8106995884773662,0.10156223
0.8113854595336076,0.14136803
0.812071330589849,0.10966182
0.8127572016460904,0.09017369
0.8134430727023318,0.10844535
0.8141289437585733,0.1488401
0.8148148148148147,0.17429057
0.8155006858710561,0.14414075
0.8161865569272977,0.1524936
0.8168724279835391,0.5036365
0.8175582990397805,0.33468235
0.8182441700960219,0.31358323
0.8189300411522633,0.4925186
0.8196159122085047,0.36208037
0.8203017832647461,0.44418654
0.8209876543209875,0.37290257
0.8216735253772289,0.3603621
0.8223593964334703,0.42370048
0.823045267489712,0.4437989
0.8237311385459534,0.45003328
0.8244170096021948,0.36303142
0.8251028806584362,0.3144471
0.8257887517146776,0.4057526
0.826474622770919,0.35756397
0.8271604938271604,0.1787382
0.8278463648834018,0.20743212
0.8285322359396432,0.2053563
0.8292181069958846,0.35534266
0.8299039780521262,0.2243379
0.8305898491083676,0.2348412
0.831275720164609,0.2624752
0.8319615912208504,0.26575935
0.8326474622770919,0.18480039
0.8333333333333333,0.23216245
0.8340192043895747,0.25775024
0.8347050754458161,0.30889004
0.8353909465020575,0.35682768
0.8360768175582989,0.36849552
0.8367626886145405,0.42726868
0.8374485596707819,0.38703483
0.8381344307270233,0.6325964
0.8388203017832647,0.40482968
0.8395061728395061,0.40548152
0.8401920438957475,0.3106773
0.8408779149519889,0.35449225
0.8415637860082303,0.247138
0.8422496570644717,0.25133976
0.8429355281207132,0.4164257
0.8436213991769546,0.21290752
0.8443072702331962,0.15527052
0.8449931412894376,0.24176633
0.845679012345679,0.14747769
0.8463648834019204,0.22898918
0.8470507544581618,0.22501019
0.8477366255144032,0.23576558
0.8484224965706446,0.23453921
0.849108367626886,0.20771754
0.8497942386831274,0.15919158
0.8504801097393688,0.17933503
0.8511659807956105,0.1047934
0.8518518518518519,0.13602218
0.8525377229080933,0.15757531
0.8532235939643347,0.14004639
0.8539094650205761,0.13735965
0.8545953360768175,0.1451625
0.8552812071330589,0.16729307
0.8559670781893003,0.13709599
0.8566529492455417,0.1564995
0.8573388203017831,0.42625615
0.8580246913580247,0.47946054
0.8587105624142661,0.19160351
0.8593964334705075,0.16136003
0.8600823045267489,0.20448658
0.8607681755829903,0.17827654
0.8614540466392318,0.26796997
0.8621399176954732,0.27729785
0.8628257887517146,0.20551896
0.863511659807956,0.23183137
0.8641975308641974,0.1563046
0.8648834019204388,0.22267053
0.8655692729766804,0.16132972
0.8662551440329218,0.1453287
0.8669410150891632,0.1844778
0.8676268861454046,0.18261239
0.868312757201646,0.21420777
0.8689986282578874,0.212719
0.8696844993141288,0.18916598
0.8703703703703702,0.18710154
0.8710562414266116,0.14998206
0.871742112482853,0.14470285
0.8724279835390947,0.19477186
0.8731138545953361,0.17063138
0.8737997256515775,0.161906
0.8744855967078189,0.16710654
0.8751714677640603,0.14698336
0.8758573388203017,0.1750651
0.8765432098765431,0.23617238
0.8772290809327845,0.18747544
0.8779149519890259,0.1678423
0.8786008230452673,0.19600108
0.879286694101509,0.1854977
0.8799725651577504,0.20141906
0.8806584362139918,0.16660386
0.8813443072702332,0.16006643
0.8820301783264746,0.19020784
0.882716049382716,0.1228033
0.8834019204389574,0.16431263
0.8840877914951988,0.15609416
0.8847736625514402,0.16087574
0.8854595336076816,0.25326717
0.8861454046639232,0.15280515
0.8868312757201646,0.29363686
0.887517146776406,0.13829938
0.8882030178326474,0.09881613
0.8888888888888888,0.060463786
0.8895747599451302,0.07625756
0.8902606310013716,0.16989067
0.890946502057613,0.14750135
0.8916323731138545,0.18829739
0.8923182441700959,0.16756797
0.8930041152263373,0.2621645
0.8936899862825789,0.21710357
0.8943758573388203,0.37812516
0.8950617283950617,0.15828857
0.8957475994513031,0.08498305
0.8964334705075445,0.16744056
0.8971193415637859,0.14020103
0.8978052126200273,0.18447432
0.8984910836762687,0.115169644
0.8991769547325101,0.15062925
0.8998628257887515,0.20590329
0.9005486968449932,0.17175388
0.9012345679012346,0.13420689
0.901920438957476,0.14225817
0.9026063100137174,0.19429177
0.9032921810699588,0.09508279
0.9039780521262002,0.13415763
0.9046639231824416,0.08300051
0.905349794238683,0.07172477
0.9060356652949244,0.0737519
0.9067215363511658,0.11117777
0.9074074074074074,0.13468757
0.9080932784636488,0.15142256
0.9087791495198903,0.050018698
0.9094650205761317,0.13206601
0.9101508916323731,0.039405406
0.9108367626886145,0.25359276
0.9115226337448559,0.098561466
0.9122085048010973,0.116431415
0.9128943758573387,0.03447762
0.9135802469135801,0.24297035
0.9142661179698215,0.10515666
0.9149519890260631,0.12030086
0.9156378600823045,0.10735533
0.9163237311385459,0.26129076
0.9170096021947873,0.120116115
0.9176954732510287,0.1051901
0.9183813443072701,0.02870372
0.9190672153635115,0.09636152
0.919753086419753,0.16337267
0.9204389574759944,0.2659595
0.9211248285322358,0.14808494
0.9218106995884774,0.098434925
0.9224965706447188,0.052188635
0.9231824417009602,0.16398075
0.9238683127572016,0.19308084
0.924554183813443,0.17786688
0.9252400548696844,0.1402323
0.9259259259259258,0.19633156
0.9266117969821672,0.19499609
0.9272976680384086,0.22145468
0.92798353909465,0.20169768
0.9286694101508917,0.09906945
0.9293552812071331,0.38415772
0.9300411522633745,0.18961886
0.9307270233196159,0.16762918
0.9314128943758573,0.17986462
0.9320987654320987,0.17558283
0.9327846364883401,0.111023575
0.9334705075445815,0.251975
0.9341563786008229,0.39211506
0.9348422496570643,0.26093233
0.9355281207133057,0.17106658
0.9362139917695473,0.15462455
0.9368998628257887,0.15984231
0.9375857338820301,0.27821845
0.9382716049382716,0.24992728
0.938957475994513,0.29099017
0.9396433470507544,0.17094564
0.9403292181069958,0.3225265
0.9410150891632372,0.3749432
0.9417009602194786,0.2766927
0.94238683127572,0.26991034
0.9430727023319616,0.2527349
0.943758573388203,0.21782339
0.9444444444444444,0.18110937
0.9451303155006858,0.22694048
0.9458161865569272,0.27305064
0.9465020576131686,0.2654893
0.94718792866941,0.32246333
0.9478737997256514,0.19904959
0.9485596707818928,0.20673642
0.9492455418381343,0.13971469
0.9499314128943759,0.27684003
0.9506172839506173,0.25463408
0.9513031550068587,0.31178
0.9519890260631001,0.2776816
0.9526748971193415,0.43203175
0.9533607681755829,0.28676552
0.9540466392318243,0.34989303
0.9547325102880657,0.35060662
0.9554183813443071,0.15289
0.9561042524005485,0.26267862
0.9567901234567902,0.25283694
0.9574759945130316,0.2438072
0.958161865569273,0.2377443
0.9588477366255144,0.13618442
0.9595336076817558,0.146871
0.9602194787379972,0.17347848
0.9609053497942386,0.23455492
0.96159122085048,0.14458367
0.9622770919067214,0.323191
0.9629629629629628,0.15402606
0.9636488340192042,0.15103024
0.9643347050754458,0.097165704
0.9650205761316872,0.0898979
0.9657064471879286,0.10830441
0.96639231824417,0.1374453
0.9670781893004115,0.06903589
0.9677640603566529,0.00966531
0.9684499314128943,0.10650191
0.9691358024691357,0.17407787
0.9698216735253771,0.106360644
0.9705075445816185,0.20542091
0.9711934156378601,0.16547647
0.9718792866941015,0.22097972
0.9725651577503429,0.17941985
0.9732510288065843,0.08872074
0.9739368998628257,0.18481237
0.9746227709190671,0.21404463
0.9753086419753085,0.2526613
0.9759945130315499,0.2640869
0.9766803840877913,0.24572739
0.9773662551440327,0.32877582
0.9780521262002744,0.072422594
0.9787379972565158,0.14032075
0.9794238683127572,0.01284495
0.9801097393689986,0.06566107
0.98079561042524,0.17008132
0.9814814814814814,0.008710921
0.9821673525377228,0.07172808
0.9828532235939642,0.038938403
0.9835390946502056,0.35125202
0.984224965706447,0.3347767
0.9849108367626884,0.25526786
0.98559670781893,0.1616736
0.9862825788751715,0.27459854
0.9869684499314129,0.22061148
0.9876543209876543,0.2968784
0.9883401920438957,0.24270198
0.9890260631001371,0.47461703
0.9897119341563785,0.44002518
0.9903978052126199,0.092059046
0.9910836762688613,0.26195258
0.9917695473251027,0.11386752
0.9924554183813443,0.16211858
0.9931412894375857,0.1602194
0.9938271604938271,0.060423702
0.9945130315500685,0.073886395
0.9951989026063099,0.1750854
0.9958847736625513,0.069540024
0.9965706447187928,0.054543763
0.9972565157750342,0.07025331
0.9979423868312756,0.07335243
0.998628257887517,0.19655216
0.9993141289437586,0.13723108
0.9999999999999998,0.28817195
